{
"psii": {
    "n_gauss": 2,
    "amp": [1.00e+00, 2.00e-01],
    "lp": [6.80e+02, 6.40e+02],
    "w": [9.00e+00, 1.5e+01],
    "text": "$ \\text{RC} $"
    },
"fr_rc": {
    "n_gauss": 2,
    "amp": [1.00e+00, 2.00e-01],
    "lp": [7.20e+02, 6.80e+02],
    "w": [9.00e+00, 1.5e+01],
    "text": "$ \\text{FRL-RC} $"
    },
"ano_rc": {
    "n_gauss": 3,
    "amp": [4.00e-01, 8.00e-01, 4.00e-01],
    "lp": [8.90e+02, 8.20e+02, 7.60e+02],
    "w": [2.00e+01, 1.5e+01, 1.5e+01],
    "text": "$ \\text{ano-RC} $"
    },
"bchl_a": {
    "n_gauss": 3,
    "amp": [9.327708e-01, 1.868076e-01, 2.200819e-01],
    "lp": [7.801765e+02, 7.357920e+02, 6.110172e+02],
    "w": [1.351709e+01, 3.463805e+01, 1.840540e+01],
    "text": "$ \\text{BChl}_{a} $"
   },
"chl_a": {
    "n_gauss": 2,
    "amp": [8.724538e-01, 2.245409e-01],
    "lp": [6.661618e+02, 6.250687e+02],
    "w": [10.0, 3.685004e+01],
    "text": "$ \\text{Chl}_{a} $"
    },
"chl_b": {
    "n_gauss": 3,
    "amp": [9.138061e-01, 1.695460e-01, 1.633274e-01],
    "lp": [6.514902e+02, 6.052384e+02, 5.821592e+02],
    "w": [1.164620e+01, 1.445649e+01, 5.696023e+01],
    "text": "$ \\text{Chl}_{b} $"
    },
"chl_d": {
    "n_gauss": 2,
    "amp": [8.543801e-01, 2.434290e-01],
    "lp": [6.988473e+02, 6.570787e+02],
    "w": [1.189424e+01, 4.001474e+01],
    "text": "$ \\text{Chl}_{d} $"
    },
"chl_f": {
    "n_gauss": 2,
    "amp": [8.745562e-01, 1.972934e-01],
    "lp": [7.094259e+02, 6.666164e+02],
    "w": [1.332439e+01, 4.319979e+01],
    "text": "$ \\text{Chl}_{f} $"
    },
"apc": {
    "n_gauss": 2,
    "amp": [7.5e-01, 4.7e-01],
    "lp": [6.62e+02, 6.20e+02],
    "w": [1.34e+01, 3.10e+01],
    "text": "$ \\text{APC} $"
    },
"pc": {
    "n_gauss": 2,
    "amp": [7.5e-01, 8.4e-01],
    "lp": [6.27e+02, 6.00e+02],
    "w": [1.3e+01, 3.5e+01],
    "text": "$ \\text{PC} $"
    },
"r-pe": {
    "n_gauss": 3,
    "amp": [6.0e-01, 1.08000e+00, 6.8000e-01],
    "lp": [5.68000e+02, 5.42000e+02, 4.96000e+02],
    "w": [9.000000e+00, 2.500000e+01, 1.0e+01],
    "text": "r-PE"
    },
"b-pe": {
    "n_gauss": 3,
    "amp": [6.0e-01, 8.0000e-01, 7.5000e-01],
    "lp": [5.66000e+02, 5.43000e+02, 5.25000e+02],
    "w": [1.100000e+01, 1.800000e+01, 3.5e+01],
    "text": "b-PE"
    },
"c-pe": {
    "n_gauss": 3,
    "amp": [5.2e-01, 4.10000e-01, 1.9000e-01],
    "lp": [5.63000e+02, 5.45000e+02, 5.3000e+02],
    "w": [1.430000e+01, 4.500000e+01, 2.2e+01],
    "text": "c-PE"
    }
}
